Reaction,hasRBP,reactionType
R00005,0,0
R00014,1,4
R00017,0,4
R00019,0,4
R00029,0,4
R00033,0,4
R00041,0,4
R00042,0,4
R00044,0,4
R00045,0,4
R00055,0,4
R00057,0,4
R00058,0,4
R00060,0,4
R00061,0,4
R00068,0,4
R00070,0,7
R00074,1,4
R00076,0,5
R00077,0,0
R00080,0,4
R00082,0,4
R00083,0,4
R00084,1,5
R00085,0,0
R00086,1,0
R00087,0,0
R00088,0,0
R00102,1,0
R00103,1,0
R00104,1,5
R00105,0,5
R00112,1,4
R00118,0,0
R00119,1,5
R00120,0,4
R00122,1,0
R00123,0,0
R00124,1,5
R00126,0,5
R00128,0,0
R00130,1,5
R00131,0,0
R00135,1,0
R00137,1,5
R00138,0,0
R00139,1,5
R00140,1,5
R00141,0,5
R00152,0,0
R00155,1,0
R00156,1,5
R00157,1,5
R00158,1,5
R00159,1,0
R00160,0,0
R00161,1,5
R00162,0,5
R00164,0,0
R00173,1,0
R00174,1,5
R00175,0,0
R00178,1,3
R00181,1,0
R00182,1,0
R00183,1,0
R00184,1,0
R00185,1,5
R00187,1,0
R00188,1,0
R00190,1,5
R00192,1,0
R00193,0,0
R00194,1,0
R00195,0,3
R00200,1,5
R00208,0,0
R00212,0,5
R00218,0,3
R00227,1,0
R00230,1,5
R00236,1,2
R00239,1,5
R00256,1,4
R00258,1,5
R00259,1,5
R00269,1,0
R00270,0,7
R00273,0,4
R00274,1,4
R00275,0,4
R00278,1,4
R00287,0,0
R00289,1,5
R00292,1,5
R00297,1,4
R00298,0,4
R00299,1,5
R00302,0,4
R00303,1,0
R00304,0,0
R00305,1,4
R00308,1,0
R00310,1,3
R00315,0,5
R00316,1,2
R00317,1,0
R00318,0,0
R00320,0,5
R00321,0,0
R00322,0,0
R00324,0,0
R00327,0,0
R00328,1,0
R00329,0,0
R00330,1,5
R00331,0,5
R00332,0,5
R00333,1,5
R00334,0,5
R00335,1,0
R00336,1,0
R00337,0,0
R00338,0,0
R00348,1,0
R00353,0,5
R00355,1,5
R00360,0,4
R00361,0,4
R00367,1,5
R00369,1,5
R00371,1,5
R00372,1,5
R00373,0,5
R00375,0,5
R00376,0,5
R00377,0,5
R00378,0,5
R00379,0,5
R00380,0,5
R00383,0,0
R00388,0,4
R00391,1,5
R00392,0,4
R00393,0,5
R00395,0,5
R00399,0,5
R00400,0,5
R00406,0,5
R00407,0,0
R00408,0,7
R00410,1,5
R00411,1,0
R00412,0,4
R00414,1,0
R00416,1,5
R00417,0,5
R00424,1,0
R00426,1,0
R00429,1,5
R00430,1,5
R00435,0,5
R00437,0,5
R00438,0,5
R00439,0,5
R00440,0,5
R00441,0,5
R00442,0,5
R00443,0,5
R00444,0,5
R00453,0,5
R00454,0,5
R00457,1,5
R00458,0,0
R00474,0,5
R00475,1,4
R00476,0,4
R00480,1,5
R00481,0,4
R00485,1,0
R00486,0,0
R00487,1,5
R00488,1,0
R00493,0,5
R00494,1,0
R00499,0,0
R00502,1,5
R00503,1,5
R00504,0,5
R00506,0,5
R00507,0,0
R00508,1,0
R00509,1,5
R00510,0,0
R00511,1,0
R00512,1,5
R00513,1,5
R00514,1,0
R00515,0,0
R00516,1,5
R00517,1,5
R00518,0,5
R00521,0,0
R00524,0,0
R00525,0,0
R00526,1,0
R00527,1,0
R00529,1,5
R00530,0,5
R00531,0,0
R00534,0,0
R00535,0,5
R00536,0,5
R00537,0,5
R00539,0,0
R00540,0,0
R00542,0,0
R00543,0,0
R00545,0,0
R00546,0,0
R00547,0,0
R00548,1,0
R00549,1,5
R00550,0,5
R00551,1,0
R00552,1,0
R00554,0,5
R00555,0,5
R00565,1,5
R00568,1,0
R00569,1,0
R00570,1,5
R00572,0,5
R00576,0,5
R00577,0,5
R00582,1,0
R00584,0,5
R00585,1,5
R00586,0,5
R00588,1,5
R00594,0,5
R00595,0,5
R00596,0,7
R00597,1,5
R00598,0,7
R00599,0,5
R00600,0,5
R00601,0,5
R00602,1,4
R00603,0,3
R00608,1,4
R00614,0,4
R00615,1,0
R00616,0,5
R00617,0,5
R00618,1,0
R00619,1,5
R00621,1,4
R00626,0,0
R00627,1,5
R00628,0,0
R00629,1,5
R00630,0,0
R00637,0,4
R00639,0,4
R00643,0,4
R00644,0,4
R00645,0,4
R00649,0,5
R00650,1,5
R00651,0,5
R00652,0,5
R00653,0,0
R00659,0,5
R00660,0,5
R00662,0,0
R00664,0,5
R00667,1,5
R00669,1,0
R00674,1,3
R00682,0,0
R00683,0,7
R00684,0,5
R00692,0,5
R00693,0,5
R00694,1,5
R00695,0,5
R00698,0,4
R00700,0,4
R00719,1,0
R00720,1,0
R00722,1,5
R00723,0,0
R00724,0,5
R00725,0,5
R00731,1,4
R00734,1,5
R00743,0,5
R00747,0,0
R00756,1,5
R00760,1,5
R00762,1,0
R00763,0,0
R00764,1,5
R00765,1,0
R00766,0,5
R00767,0,5
R00768,1,5
R00769,0,5
R00770,0,5
R00775,0,0
R00777,0,0
R00793,0,7
R00801,1,0
R00802,1,0
R00803,0,5
R00804,0,0
R00805,1,0
R00806,1,5
R00807,0,4
R00808,0,4
R00809,0,5
R00811,1,5
R00827,0,5
R00829,0,5
R00832,0,5
R00836,0,5
R00837,0,0
R00838,0,0
R00839,1,0
R00841,1,0
R00846,0,4
R00847,1,5
R00848,0,4
R00849,0,4
R00850,0,5
R00851,1,5
R00853,0,5
R00854,0,5
R00855,1,0
R00856,0,5
R00857,0,0
R00866,1,5
R00867,1,5
R00872,0,0
R00873,0,4
R00874,0,4
R00876,0,5
R00879,0,0
R00881,0,0
R00883,0,5
R00885,1,5
R00887,0,5
R00890,0,5
R00891,1,3
R00895,0,5
R00896,1,5
R00897,0,5
R00899,1,0
R00901,0,3
R00907,0,5
R00908,1,5
R00909,0,0
R00911,0,0
R00913,0,0
R00917,0,7
R00921,1,5
R00926,1,2
R00927,1,5
R00928,1,5
R00930,0,5
R00944,0,0
R00946,1,5
R00947,1,0
R00948,0,5
R00949,0,5
R00951,0,0
R00952,0,5
R00953,0,5
R00954,0,5
R00955,1,5
R00956,0,5
R00957,0,5
R00961,1,0
R00962,1,5
R00963,1,0
R00964,1,5
R00966,1,5
R00967,1,5
R00968,1,5
R00969,1,0
R00970,1,5
R00974,0,0
R00975,0,4
R00983,0,4
R00984,0,5
R00987,1,0
R00988,1,0
R00989,0,5
R00997,0,0
R01003,0,0
R01004,1,0
R01005,1,5
R01006,0,0
R01007,0,5
R01008,0,5
R01009,1,5
R01010,0,0
R01011,1,5
R01012,1,5
R01013,1,5
R01018,1,5
R01021,1,5
R01022,0,4
R01023,1,5
R01025,1,4
R01026,1,0
R01027,0,5
R01028,0,0
R01029,0,0
R01030,1,0
R01043,0,0
R01044,0,5
R01045,0,4
R01049,1,5
R01050,0,5
R01051,1,5
R01052,0,5
R01054,1,0
R01055,0,3
R01059,1,5
R01067,0,5
R01071,0,5
R01073,0,5
R01074,1,2
R01076,0,0
R01077,1,0
R01080,0,0
R01085,1,0
R01089,0,5
R01090,0,5
R01092,1,5
R01099,0,4
R01100,0,0
R01101,1,0
R01103,1,0
R01104,1,0
R01105,1,0
R01108,0,4
R01109,0,4
R01110,0,4
R01111,0,4
R01113,0,4
R01117,1,5
R01122,1,5
R01126,1,0
R01128,0,0
R01131,1,5
R01132,1,5
R01137,1,5
R01138,1,5
R01139,0,5
R01140,0,5
R01144,0,0
R01145,0,0
R01147,0,7
R01148,1,5
R01149,0,5
R01153,1,5
R01154,1,5
R01155,1,5
R01156,0,0
R01157,0,0
R01159,0,5
R01160,0,5
R01161,0,5
R01166,1,0
R01174,1,5
R01175,1,4
R01177,1,5
R01178,1,4
R01179,0,5
R01184,1,4
R01185,1,0
R01186,1,0
R01187,1,0
R01188,0,5
R01189,0,5
R01190,0,5
R01192,0,5
R01193,0,0
R01194,1,0
R01200,0,0
R01201,1,5
R01204,0,5
R01205,0,5
R01206,1,0
R01214,0,5
R01215,0,5
R01218,1,4
R01220,1,4
R01227,1,0
R01228,1,5
R01229,1,5
R01232,1,0
R01233,0,0
R01235,0,5
R01236,0,5
R01237,0,0
R01239,0,5
R01240,0,5
R01241,0,0
R01242,1,5
R01243,0,0
R01244,1,0
R01245,0,0
R01253,0,4
R01257,0,4
R01261,0,5
R01262,1,5
R01263,0,0
R01266,0,0
R01268,1,0
R01270,0,0
R01271,1,5
R01273,0,0
R01274,1,0
R01279,1,4
R01282,0,7
R01287,0,5
R01288,0,5
R01289,0,3
R01290,1,3
R01292,0,4
R01301,0,0
R01304,0,5
R01305,1,4
R01309,0,0
R01310,1,0
R01312,1,0
R01313,0,0
R01314,0,0
R01315,1,0
R01316,1,0
R01317,1,0
R01318,1,5
R01319,0,5
R01320,1,5
R01321,1,5
R01323,0,5
R01326,1,5
R01327,0,5
R01328,0,0
R01329,1,0
R01330,0,5
R01334,1,0
R01335,0,0
R01339,0,7
R01341,0,4
R01343,0,5
R01344,0,5
R01346,0,5
R01349,0,5
R01351,1,0
R01352,1,0
R01353,0,5
R01354,1,2
R01358,0,0
R01359,0,5
R01364,1,0
R01365,0,5
R01368,0,5
R01369,0,0
R01372,1,4
R01375,0,5
R01376,0,5
R01381,1,5
R01383,1,5
R01395,1,5
R01396,0,5
R01397,1,5
R01398,1,5
R01399,0,5
R01401,1,0
R01402,1,5
R01411,0,0
R01416,0,0
R01417,0,5
R01418,0,0
R01421,1,0
R01423,0,0
R01424,0,0
R01425,0,0
R01433,0,0
R01440,1,5
R01441,0,5
R01442,0,4
R01443,0,4
R01444,0,0
R01447,0,4
R01448,0,0
R01449,1,5
R01459,1,4
R01460,0,0
R01461,1,5
R01462,1,0
R01466,1,3
R01468,1,5
R01470,1,0
R01471,0,5
R01472,0,5
R01476,0,5
R01478,1,0
R01480,0,0
R01485,0,5
R01491,0,4
R01492,1,5
R01493,0,0
R01494,1,0
R01495,1,5
R01496,1,5
R01497,1,5
R01498,1,0
R01500,1,5
R01501,0,0
R01503,0,5
R01504,0,5
R01511,0,0
R01512,1,5
R01514,0,5
R01515,1,0
R01516,1,1
R01517,0,5
R01522,1,4
R01523,1,5
R01526,1,5
R01532,0,0
R01533,0,0
R01535,0,5
R01541,0,5
R01547,1,5
R01548,1,5
R01549,1,5
R01555,0,5
R01556,0,5
R01559,0,5
R01560,1,0
R01561,1,5
R01562,0,0
R01566,0,0
R01567,1,5
R01568,0,5
R01569,1,0
R01570,1,5
R01571,0,5
R01573,0,5
R01579,1,0
R01580,0,5
R01581,0,0
R01582,1,5
R01586,0,5
R01587,0,0
R01589,0,0
R01600,1,5
R01617,1,5
R01618,0,5
R01619,0,5
R01620,0,5
R01623,0,0
R01624,1,5
R01625,1,5
R01626,1,5
R01639,1,5
R01641,0,5
R01648,1,5
R01655,1,0
R01657,0,5
R01658,1,5
R01659,0,5
R01660,1,5
R01663,0,0
R01664,1,0
R01665,1,5
R01666,1,5
R01667,1,0
R01668,1,0
R01670,0,5
R01676,0,0
R01677,0,0
R01678,1,0
R01680,0,4
R01684,1,5
R01686,0,5
R01687,1,5
R01688,0,5
R01690,0,0
R01695,0,4
R01696,0,4
R01697,0,4
R01699,1,4
R01700,1,4
R01701,1,4
R01702,1,4
R01705,0,0
R01706,1,5
R01711,1,4
R01712,1,5
R01713,0,5
R01716,0,5
R01718,1,0
R01721,0,5
R01722,0,5
R01731,1,5
R01732,0,0
R01736,1,0
R01737,1,5
R01741,0,4
R01742,0,4
R01748,0,0
R01754,0,5
R01760,0,0
R01762,0,0
R01770,0,0
R01771,1,5
R01776,1,5
R01777,1,5
R01780,0,5
R01786,1,5
R01788,1,0
R01790,1,0
R01791,1,0
R01797,1,0
R01798,0,7
R01799,1,5
R01800,1,5
R01801,1,5
R01802,1,5
R01805,1,0
R01806,0,5
R01807,0,5
R01808,0,5
R01810,0,0
R01821,0,5
R01823,0,5
R01827,0,5
R01830,0,5
R01834,0,4
R01843,0,5
R01844,1,5
R01845,0,0
R01850,0,5
R01855,1,0
R01856,0,0
R01857,1,5
R01858,1,5
R01861,0,5
R01862,0,0
R01863,1,5
R01867,0,4
R01868,1,4
R01870,1,5
R01873,0,4
R01876,1,5
R01877,0,0
R01878,1,0
R01880,1,5
R01881,0,5
R01882,0,0
R01883,1,5
R01885,0,0
R01886,0,0
R01887,0,0
R01888,0,5
R01889,0,5
R01890,1,5
R01891,0,5
R01901,0,5
R01902,0,5
R01909,1,5
R01910,0,4
R01911,1,0
R01912,0,5
R01918,1,0
R01919,0,5
R01920,1,5
R01923,1,5
R01924,0,0
R01926,1,5
R01928,0,5
R01929,0,5
R01930,0,0
R01931,1,5
R01939,1,5
R01940,0,4
R01942,0,5
R01944,0,5
R01945,1,5
R01946,0,5
R01951,1,5
R01952,0,7
R01956,1,5
R01957,0,5
R01959,1,0
R01961,1,5
R01963,0,0
R01964,0,5
R01965,0,5
R01966,0,0
R01967,1,5
R01968,1,0
R01969,1,5
R01972,0,5
R01973,0,5
R01980,0,5
R01982,0,0
R01987,0,0
R01989,1,5
R01990,0,0
R01992,1,0
R01994,0,5
R01995,0,5
R01996,0,5
R01997,0,5
R01999,0,5
R02003,1,5
R02004,0,3
R02006,0,3
R02027,1,0
R02029,0,0
R02030,1,5
R02037,1,5
R02038,1,5
R02040,0,0
R02041,0,0
R02042,0,0
R02050,1,5
R02051,1,0
R02052,1,0
R02053,1,0
R02054,1,0
R02056,1,5
R02057,1,5
R02058,1,5
R02059,1,0
R02061,1,5
R02071,0,5
R02073,1,5
R02077,0,5
R02083,0,0
R02084,0,5
R02088,1,0
R02089,1,5
R02090,0,5
R02091,1,5
R02092,1,0
R02093,1,5
R02094,1,5
R02095,1,0
R02096,1,5
R02097,1,5
R02098,1,5
R02099,1,5
R02100,1,0
R02101,1,5
R02102,1,0
R02108,1,0
R02109,1,0
R02111,1,5
R02113,0,5
R02114,1,5
R02115,0,0
R02118,0,5
R02119,0,5
R02120,0,5
R02121,0,5
R02122,0,5
R02134,0,5
R02135,1,0
R02136,0,5
R02137,0,0
R02138,0,5
R02142,1,5
R02143,0,0
R02144,1,5
R02145,0,0
R02147,1,5
R02148,0,0
R02152,0,5
R02155,1,5
R02156,0,4
R02157,0,5
R02158,0,5
R02159,0,5
R02164,1,4
R02167,0,0
R02168,0,5
R02170,1,0
R02174,1,5
R02179,0,5
R02180,1,5
R02181,1,5
R02182,0,0
R02183,0,5
R02184,0,5
R02185,0,5
R02186,0,5
R02187,0,5
R02188,0,5
R02189,0,5
R02191,0,5
R02192,0,0
R02195,0,5
R02199,0,5
R02200,0,5
R02204,1,4
R02205,0,4
R02206,0,4
R02215,1,4
R02225,1,5
R02226,0,5
R02227,0,5
R02228,0,0
R02234,0,4
R02239,1,0
R02240,1,5
R02241,1,5
R02242,0,5
R02245,1,5
R02248,0,0
R02249,0,0
R02250,1,0
R02251,1,5
R02256,0,5
R02271,0,5
R02273,0,0
R02274,0,5
R02276,0,0
R02277,0,4
R02280,0,0
R02282,0,5
R02283,0,5
R02285,0,0
R02286,0,0
R02287,1,5
R02293,0,5
R02294,1,5
R02296,1,5
R02297,1,5
R02302,1,3
R02303,0,5
R02319,0,0
R02320,1,5
R02321,0,5
R02322,0,0
R02323,1,0
R02324,0,5
R02325,1,0
R02326,1,5
R02327,1,5
R02328,0,5
R02329,0,5
R02330,0,0
R02331,1,5
R02332,1,5
R02333,0,0
R02334,1,0
R02335,1,5
R02336,0,0
R02337,0,0
R02341,0,0
R02345,0,5
R02350,1,5
R02358,1,5
R02360,0,0
R02362,0,0
R02363,1,4
R02365,0,4
R02366,1,5
R02367,1,5
R02368,1,0
R02370,0,0
R02371,1,5
R02372,1,5
R02373,1,4
R02375,0,5
R02378,0,3
R02379,1,5
R02380,0,5
R02381,0,0
R02384,0,5
R02385,0,5
R02387,0,5
R02388,0,5
R02389,1,5
R02394,0,4
R02396,0,5
R02407,0,5
R02409,0,4
R02410,1,0
R02411,0,5
R02412,0,5
R02415,0,4
R02416,1,5
R02418,0,0
R02420,0,5
R02421,0,5
R02422,1,0
R02430,0,5
R02432,0,5
R02433,1,5
R02436,0,0
R02439,0,5
R02452,1,5
R02453,0,5
R02458,0,0
R02459,1,5
R02474,0,0
R02478,1,5
R02481,0,5
R02482,0,5
R02484,1,5
R02485,1,0
R02493,1,5
R02494,1,0
R02502,1,5
R02508,0,5
R02509,0,0
R02513,0,0
R02521,1,4
R02533,1,5
R02534,1,5
R02540,0,0
R02541,1,0
R02542,0,0
R02543,0,5
R02556,1,0
R02557,1,5
R02558,1,0
R02563,0,5
R02564,0,0
R02569,1,5
R02570,1,5
R02571,1,5
R02572,0,5
R02573,0,5
R02575,0,5
R02576,0,5
R02584,0,5
R02585,0,0
R02586,0,5
R02587,0,0
R02588,0,0
R02590,1,5
R02591,0,0
R02594,0,5
R02595,0,0
R02597,0,0
R02598,0,0
R02599,0,5
R02603,0,0
R02604,0,0
R02606,0,0
R02616,0,5
R02617,0,5
R02619,1,5
R02621,0,0
R02622,0,0
R02623,0,5
R02624,0,0
R02625,0,5
R02626,0,5
R02627,0,5
R02628,0,5
R02630,0,5
R02631,0,5
R02632,0,5
R02633,0,5
R02634,0,5
R02642,0,4
R02643,0,4
R02646,0,5
R02649,0,5
R02650,0,5
R02654,0,5
R02658,0,5
R02661,1,4
R02662,1,5
R02664,0,5
R02666,0,4
R02667,0,5
R02668,1,0
R02671,1,5
R02677,0,0
R02682,0,0
R02687,1,0
R02688,0,0
R02689,0,5
R02691,1,5
R02692,0,5
R02693,0,5
R02694,0,5
R02700,0,5
R02704,0,5
R02705,1,5
R02706,0,0
R02707,0,0
R02709,0,5
R02712,0,0
R02715,1,4
R02716,0,5
R02717,0,5
R02719,1,0
R02720,1,0
R02727,0,5
R02729,0,5
R02730,0,0
R02731,1,0
R02732,1,5
R02733,1,0
R02734,0,0
R02737,1,5
R02738,1,5
R02744,0,0
R02745,1,0
R02746,1,0
R02747,1,0
R02748,1,5
R02750,1,5
R02751,0,0
R02757,1,5
R02758,0,5
R02760,0,5
R02764,0,0
R02773,1,5
R02778,1,0
R02780,1,5
R02781,0,5
R02789,0,5
R02790,0,5
R02791,0,5
R02797,0,0
R02805,1,0
R02806,0,5
R02808,0,5
R02809,0,5
R02814,0,0
R02815,0,0
R02817,0,0
R02821,1,5
R02824,1,4
R02833,1,0
R02837,0,5
R02839,0,5
R02846,0,3
R02848,0,5
R02849,0,5
R02850,0,5
R02851,1,5
R02853,0,0
R02854,0,7
R02857,0,0
R02858,0,5
R02859,0,5
R02862,0,5
R02863,0,5
R02864,0,3
R02865,0,5
R02866,0,0
R02867,0,5
R02868,0,5
R02869,1,5
R02877,0,4
R02882,0,5
R02884,0,5
R02885,0,0
R02886,0,0
R02887,0,0
R02888,0,5
R02889,0,5
R02890,0,5
R02894,1,4
R02897,0,5
R02899,0,5
R02901,0,0
R02902,1,5
R02903,0,5
R02910,1,5
R02911,1,5
R02912,1,5
R02917,0,5
R02920,1,5
R02921,1,5
R02922,0,0
R02924,1,5
R02925,0,4
R02926,1,0
R02927,1,5
R02930,0,0
R02931,0,5
R02932,0,5
R02934,0,5
R02937,0,5
R02938,0,0
R02942,0,0
R02943,0,5
R02951,0,5
R02955,0,5
R02961,0,5
R02970,0,5
R02971,1,5
R02973,1,0
R02974,0,0
R02976,1,5
R02979,0,4
R02980,0,5
R02982,0,5
R02985,1,0
R02990,0,5
R02993,0,4
R02996,0,5
R02997,0,0
R02998,0,5
R03001,0,5
R03003,0,5
R03004,1,0
R03005,1,5
R03013,0,0
R03014,0,5
R03016,0,0
R03017,0,5
R03018,1,5
R03019,0,5
R03024,0,0
R03035,1,5
R03036,0,0
R03037,0,0
R03039,0,5
R03049,0,0
R03050,1,5
R03053,0,5
R03056,0,5
R03060,0,0
R03062,1,0
R03063,0,5
R03064,0,5
R03065,0,5
R03066,0,5
R03067,0,5
R03072,1,5
R03075,0,5
R03076,0,7
R03077,1,5
R03078,0,7
R03091,1,5
R03092,0,7
R03093,0,0
R03094,0,5
R03096,0,0
R03098,0,4
R03107,0,0
R03109,0,5
R03110,0,5
R03111,0,5
R03112,0,5
R03115,0,0
R03116,0,5
R03118,0,5
R03120,0,5
R03121,0,5
R03129,0,5
R03130,1,5
R03131,0,5
R03132,0,5
R03133,0,5
R03134,0,5
R03135,0,4
R03137,0,4
R03138,0,5
R03140,0,3
R03142,0,5
R03143,0,5
R03148,0,5
R03149,0,5
R03150,0,5
R03151,0,0
R03153,0,5
R03154,0,5
R03156,0,4
R03158,1,0
R03161,1,5
R03162,0,0
R03164,1,4
R03168,0,5
R03172,1,4
R03174,1,5
R03180,0,0
R03184,1,4
R03185,0,7
R03188,0,0
R03189,1,5
R03190,0,5
R03194,0,5
R03207,0,5
R03212,0,4
R03213,0,5
R03214,0,5
R03216,0,0
R03217,0,5
R03222,1,4
R03223,0,5
R03225,0,4
R03229,0,5
R03230,1,5
R03231,0,5
R03232,0,5
R03236,1,5
R03237,1,5
R03238,1,5
R03239,1,5
R03241,0,5
R03243,0,5
R03245,1,5
R03248,0,5
R03250,0,7
R03255,0,0
R03256,0,0
R03257,0,7
R03258,0,5
R03260,0,5
R03266,0,5
R03267,0,5
R03268,0,5
R03270,1,4
R03272,0,5
R03273,0,0
R03274,0,5
R03288,1,0
R03289,0,5
R03295,1,4
R03297,0,5
R03304,1,5
R03315,0,5
R03316,1,4
R03318,0,5
R03323,0,5
R03330,1,0
R03331,0,0
R03332,1,0
R03346,0,0
R03347,0,5
R03350,0,0
R03351,0,5
R03352,0,0
R03354,1,5
R03355,1,0
R03356,0,5
R03360,0,0
R03361,1,5
R03362,1,5
R03363,1,0
R03366,1,5
R03371,0,0
R03372,1,0
R03374,1,5
R03375,0,5
R03378,0,5
R03380,1,5
R03384,0,5
R03387,0,5
R03390,1,5
R03393,1,0
R03394,1,0
R03395,0,5
R03404,1,0
R03405,1,5
R03409,1,0
R03410,0,5
R03411,0,5
R03415,1,0
R03416,1,0
R03417,1,0
R03418,0,5
R03421,0,0
R03424,1,5
R03425,1,4
R03427,1,0
R03428,1,5
R03429,1,5
R03430,1,0
R03433,1,5
R03434,1,0
R03435,1,0
R03437,1,5
R03438,0,5
R03446,0,0
R03447,0,5
R03449,0,5
R03450,0,0
R03454,0,0
R03455,0,5
R03456,0,5
R03459,0,0
R03460,0,5
R03464,1,0
R03465,0,3
R03467,0,0
R03468,0,5
R03469,1,5
R03471,0,5
R03473,0,5
R03474,0,5
R03477,0,5
R03478,1,5
R03479,1,5
R03482,0,0
R03486,0,5
R03488,0,5
R03489,0,5
R03490,0,5
R03491,0,0
R03492,0,0
R03496,0,0
R03502,0,5
R03503,0,5
R03512,0,4
R03513,0,5
R03514,0,5
R03515,0,0
R03516,0,5
R03517,0,0
R03518,0,0
R03519,0,5
R03522,1,5
R03524,0,3
R03526,0,5
R03527,0,0
R03529,0,3
R03530,1,5
R03531,1,0
R03532,0,4
R03533,1,7
R03534,1,4
R03539,1,4
R03540,0,0
R03541,0,0
R03542,0,0
R03547,0,5
R03548,0,5
R03549,0,4
R03551,0,7
R03552,0,5
R03553,0,5
R03554,0,5
R03558,0,5
R03563,0,0
R03564,0,7
R03565,0,5
R03570,0,0
R03571,0,5
R03573,0,5
R03574,0,5
R03576,0,5
R03579,0,0
R03587,0,5
R03588,0,5
R03589,0,5
R03593,0,0
R03594,0,5
R03601,0,5
R03604,0,0
R03605,0,5
R03607,0,5
R03609,0,5
R03612,0,0
R03616,0,0
R03617,1,0
R03618,0,0
R03620,0,0
R03621,0,5
R03623,0,5
R03625,0,5
R03632,0,5
R03633,0,5
R03634,1,0
R03635,1,0
R03642,0,0
R03668,0,5
R03672,0,7
R03678,0,4
R03679,0,5
R03680,0,5
R03681,1,5
R03686,0,5
R03691,0,5
R03695,0,7
R03699,0,5
R03700,0,5
R03701,0,5
R03703,1,0
R03710,0,5
R03714,0,7
R03718,1,5
R03719,1,5
R03720,1,5
R03721,0,5
R03722,1,4
R03724,0,7
R03725,0,7
R03726,0,5
R03727,0,5
R03731,0,5
R03736,0,4
R03738,1,3
R03739,0,3
R03744,0,5
R03746,0,5
R03748,0,4
R03754,0,5
R03755,1,5
R03756,1,5
R03760,0,5
R03762,0,2
R03766,0,5
R03767,0,5
R03768,0,5
R03769,0,5
R03770,0,5
R03771,0,5
R03777,1,4
R03778,1,5
R03779,0,5
R03780,0,5
R03781,0,0
R03785,0,5
R03788,0,5
R03789,1,5
R03793,0,4
R03796,0,5
R03797,0,5
R03799,0,5
R03800,0,0
R03801,0,0
R03802,0,0
R03804,0,0
R03813,1,5
R03819,1,5
R03820,1,0
R03828,1,5
R03829,0,5
R03830,0,0
R03831,0,4
R03835,1,5
R03838,0,5
R03840,0,5
R03841,0,5
R03852,0,5
R03857,1,4
R03858,1,5
R03860,1,4
R03861,0,5
R03862,1,5
R03867,1,5
R03870,0,0
R03875,1,5
R03880,0,5
R03884,0,5
R03885,0,0
R03887,0,0
R03903,0,5
R03904,0,5
R03906,0,0
R03909,0,0
R03910,0,5
R03915,1,4
R03916,1,5
R03920,1,5
R03921,1,0
R03922,1,5
R03923,0,5
R03924,0,5
R03928,0,5
R03934,0,5
R03935,0,0
R03936,1,0
R03938,0,7
R03939,0,5
R03940,1,5
R03943,0,5
R03944,0,5
R03946,0,5
R03950,0,5
R03952,0,5
R03955,1,5
R03956,0,5
R03965,0,5
R03969,0,0
R03970,1,5
R03971,1,5
R03973,1,4
R03974,1,0
R03975,0,0
R03977,0,0
R03979,0,0
R03980,0,0
R03981,0,5
R03983,0,5
R03986,0,0
R03987,0,5
R03990,1,4
R03991,1,5
R03992,0,5
R03993,0,0
R03994,0,5
R03995,0,7
R03996,0,5
R04000,0,5
R04002,0,5
R04003,0,3
R04005,0,5
R04006,0,0
R04011,0,5
R04012,0,5
R04013,1,5
R04014,1,0
R04015,0,4
R04016,0,5
R04017,1,5
R04018,1,0
R04019,1,0
R04021,0,5
R04022,0,5
R04023,0,5
R04024,0,5
R04028,0,5
R04029,0,5
R04033,0,5
R04034,1,0
R04035,0,0
R04038,1,5
R04039,0,4
R04041,0,5
R04042,0,5
R04043,0,0
R04048,0,4
R04050,0,5
R04051,0,5
R04055,0,5
R04056,0,0
R04057,0,5
R04062,0,5
R04070,0,0
R04071,0,5
R04072,1,5
R04074,0,5
R04076,1,5
R04077,0,5
R04080,0,4
R04081,0,5
R04082,0,5
R04084,1,3
R04090,0,0
R04092,0,7
R04095,1,4
R04096,0,4
R04097,1,5
R04103,0,0
R04108,0,5
R04111,1,5
R04112,0,0
R04113,0,0
R04118,0,0
R04119,0,0
R04126,0,5
R04127,0,5
R04140,0,0
R04141,0,0
R04143,0,5
R04145,0,5
R04146,0,0
R04149,0,0
R04152,0,5
R04156,0,0
R04158,0,5
R04159,0,5
R04160,0,4
R04162,0,0
R04167,0,0
R04168,0,5
R04169,0,5
R04171,1,5
R04173,1,5
R04174,0,0
R04178,1,4
R04179,0,5
R04180,0,0
R04182,0,5
R04183,0,0
R04184,0,0
R04187,0,5
R04188,1,5
R04190,0,5
R04191,0,0
R04192,0,5
R04194,0,5
R04202,0,0
R04205,1,5
R04211,0,5
R04213,0,5
R04215,1,5
R04216,1,5
R04217,0,5
R04221,1,4
R04222,0,5
R04223,0,3
R04225,1,4
R04227,0,5
R04234,0,5
R04235,0,5
R04237,0,5
R04238,0,0
R04242,1,0
R04247,1,5
R04248,0,3
R04267,0,5
R04268,0,0
R04269,0,7
R04270,0,0
R04271,0,5
R04272,0,0
R04275,0,5
R04280,0,4
R04281,0,5
R04291,0,5
R04296,0,5
R04297,0,4
R04301,1,5
R04305,1,3
R04311,1,5
R04312,0,5
R04313,0,0
R04314,0,5
R04316,0,5
R04317,0,0
R04320,0,0
R04321,1,5
R04322,1,5
R04325,1,5
R04331,0,5
R04332,0,5
R04333,0,5
R04334,0,5
R04335,0,5
R04338,0,5
R04341,0,0
R04343,0,5
R04346,0,5
R04348,0,5
R04349,1,0
R04350,0,0
R04352,1,5
R04353,1,5
R04354,1,5
R04356,0,5
R04358,0,5
R04359,0,5
R04361,0,5
R04362,0,0
R04363,0,5
R04368,1,0
R04372,1,0
R04373,0,0
R04375,0,4
R04377,0,5
R04378,1,5
R04384,0,5
R04386,1,5
R04388,0,5
R04391,1,5
R04393,1,5
R04394,1,5
R04396,0,5
R04398,0,5
R04401,0,5
R04403,0,5
R04404,1,0
R04405,0,5
R04409,0,5
R04410,0,5
R04411,0,5
R04413,1,5
R04421,0,5
R04422,0,5
R04423,0,5
R04427,0,5
R04431,0,5
R04432,1,4
R04433,0,4
R04436,0,5
R04438,0,5
R04448,0,5
R04450,0,0
R04451,0,5
R04452,1,0
R04455,0,4
R04464,1,4
R04466,0,5
R04467,1,5
R04469,0,5
R04470,1,0
R04471,0,0
R04473,0,5
R04475,0,5
R04476,0,5
R04477,0,5
R04479,0,7
R04480,1,5
R04481,1,5
R04484,0,5
R04486,0,0
R04487,0,0
R04488,0,0
R04490,0,0
R04491,1,5
R04493,0,5
R04494,0,5
R04495,0,5
R04496,1,5
R04498,0,5
R04502,0,5
R04503,0,0
R04504,0,7
R04509,0,5
R04511,0,5
R04512,0,0
R04513,1,0
R04514,0,5
R04515,0,3
R04519,0,5
R04520,0,5
R04525,0,0
R04526,0,5
R04527,0,0
R04529,0,5
R04531,0,5
R04532,0,5
R04534,1,4
R04541,0,5
R04542,0,0
R04545,1,5
R04546,1,7
R04547,0,4
R04548,0,5
R04549,0,0
R04550,0,5
R04553,0,5
R04555,0,5
R04560,0,5
R04564,0,5
R04567,0,5
R04575,0,5
R04577,0,5
R04579,0,5
R04581,0,5
R04583,0,5
R04584,0,5
R04586,0,0
R04587,0,0
R04588,0,5
R04589,0,5
R04590,0,5
R04592,0,4
R04594,0,0
R04596,0,5
R04603,1,5
R04606,0,5
R04607,0,5
R04608,0,0
R04610,0,5
R04611,0,0
R04613,0,5
R04615,0,5
R04618,0,5
R04619,0,5
R04620,0,0
R04621,0,0
R04622,0,7
R04630,0,5
R04631,0,5
R04632,0,5
R04633,1,0
R04634,0,0
R04635,0,5
R04636,1,5
R04638,0,0
R04641,0,0
R04642,0,5
R04643,0,5
R04644,0,7
R04645,0,7
R04646,0,7
R04647,0,5
R04648,0,5
R04649,0,5
R04650,0,0
R04653,0,5
R04654,0,5
R04656,0,5
R04657,0,5
R04658,0,5
R04659,1,5
R04660,0,5
R04661,0,5
R04662,0,5
R04665,0,5
R04667,0,7
R04670,0,7
R04672,1,5
R04673,1,5
R04683,1,5
R04684,0,7
R04685,0,5
R04691,0,5
R04695,1,4
R04716,0,5
R04717,0,5
R04718,0,7
R04719,0,7
R04720,0,5
R04721,0,5
R04722,0,5
R04723,0,5
R04727,0,0
R04731,0,0
R04733,0,5
R04739,1,4
R04742,1,5
R04747,1,5
R04751,1,4
R04754,1,4
R04760,0,7
R04762,1,5
R04763,0,7
R04764,1,5
R04772,0,5
R04776,0,5
R04777,0,5
R04779,1,5
R04780,1,0
R04783,0,0
R04784,0,3
R04786,1,4
R04787,1,4
R04811,1,5
R04827,0,4
R04856,1,0
R04858,1,5
R04860,0,4
R04861,0,7
R04863,0,4
R04864,1,5
R04866,1,5
R04867,1,5
R04869,0,0
R04872,0,4
R04881,1,5
R04884,1,4
R04886,0,7
R04887,1,5
R04900,1,5
R04905,1,5
R04911,1,0
R04913,0,5
R04915,0,4
R04920,1,5
R04921,0,5
R04922,1,5
R04928,1,5
R04929,1,5
R04931,0,5
R04935,1,5
R04936,1,0
R04937,0,0
R04938,0,0
R04939,1,5
R04942,1,3
R04944,0,5
R04945,0,5
R04946,0,5
R04947,0,4
R04948,0,5
R04949,0,0
R04950,1,5
R04951,1,0
R04981,0,5
R04988,0,5
R04994,0,5
R04998,0,0
R05000,1,5
R05002,0,5
R05010,0,7
R05032,0,5
R05035,0,5
R05046,1,0
R05052,1,5
R05053,1,5
R05055,0,5
R05059,0,7
R05060,0,7
R05061,0,5
R05064,1,0
R05074,0,5
R05075,0,5
R05077,0,7
R05079,0,7
R05080,0,7
R05081,0,5
R05083,0,5
R05085,1,5
R05086,1,3
R05105,1,5
R05106,0,7
R05107,0,7
R05108,0,7
R05109,0,5
R05110,0,5
R05111,0,5
R05112,0,0
R05113,0,5
R05114,0,5
R05115,0,0
R05116,0,5
R05117,0,0
R05118,0,0
R05121,0,7
R05123,0,5
R05128,0,7
R05132,1,5
R05133,1,0
R05134,1,0
R05136,0,3
R05138,0,0
R05140,0,5
R05141,0,0
R05142,0,0
R05145,1,2
R05146,0,5
R05155,0,4
R05162,0,5
R05163,0,5
R05164,0,5
R05166,0,0
R05167,0,0
R05168,0,0
R05170,0,0
R05172,0,0
R05180,0,5
R05181,0,5
R05199,0,5
R05202,1,5
R05207,0,5
R05209,0,0
R05211,0,5
R05212,0,5
R05213,0,5
R05214,0,5
R05216,0,5
R05220,1,5
R05221,0,5
R05222,0,5
R05223,0,5
R05226,0,0
R05230,0,5
R05237,1,4
R05238,1,4
R05251,0,7
R05268,0,7
R05277,0,4
R05284,0,0
R05287,0,0
R05296,0,0
R05303,0,7
R05304,0,5
R05317,0,4
R05318,0,4
R05323,0,5
R05324,0,5
R05325,0,5
R05326,0,5
R05327,0,5
R05328,0,5
R05329,0,5
R05330,0,5
R05332,0,5
R05333,0,5
R05336,1,5
R05357,1,0
R05358,0,0
R05359,0,0
R05360,0,0
R05361,0,0
R05362,0,0
R05363,0,0
R05364,0,0
R05365,0,0
R05366,0,0
R05367,0,0
R05368,0,0
R05369,0,0
R05370,0,0
R05371,0,0
R05372,0,0
R05416,0,4
R05421,0,0
R05445,0,7
R05459,0,4
R05465,0,5
R05477,0,7
R05485,0,7
R05486,0,7
R05495,0,4
R05498,0,4
R05499,0,4
R05500,0,4
R05501,0,4
R05502,0,4
R05503,0,4
R05504,0,4
R05506,0,5
R05507,0,5
R05508,1,5
R05509,0,5
R05519,0,7
R05520,0,5
R05530,0,5
R05531,0,5
R05532,0,5
R05538,0,7
R05540,0,7
R05544,0,7
R05547,0,7
R05548,0,0
R05549,1,0
R05551,0,0
R05552,0,7
R05554,0,0
R05555,0,5
R05556,1,5
R05558,0,0
R05559,0,0
R05560,0,0
R05563,0,0
R05564,0,4
R05565,0,4
R05566,0,5
R05567,0,4
R05568,0,4
R05569,0,0
R05570,1,5
R05572,0,0
R05573,0,0
R05574,0,0
R05579,1,4
R05580,0,5
R05583,0,4
R05584,0,4
R05585,0,4
R05586,0,5
R05587,0,5
R05588,0,5
R05590,0,0
R05591,0,0
R05611,0,5
R05612,0,5
R05613,0,5
R05615,1,5
R05616,1,5
R05618,0,0
R05619,0,4
R05624,1,0
R05626,1,5
R05627,0,0
R05629,0,5
R05630,0,5
R05631,0,5
R05633,1,5
R05634,0,5
R05635,0,0
R05636,0,5
R05644,0,5
R05646,0,5
R05647,0,0
R05648,0,3
R05651,0,5
R05652,1,5
R05657,0,5
R05661,0,5
R05662,0,5
R05672,1,5
R05673,0,5
R05674,0,5
R05676,0,5
R05677,0,7
R05696,0,4
R05698,0,4
R05719,0,4
R05720,0,4
R05747,0,4
R05749,0,3
R05750,0,3
R05752,0,4
R05754,0,5
R05755,0,5
R05756,0,5
R05757,1,5
R05759,0,5
R05760,0,7
R05763,0,5
R05764,0,5
R05767,0,5
R05768,0,5
R05769,0,5
R05775,0,0
R05776,0,5
R05777,0,0
R05778,0,4
R05779,0,0
R05783,0,0
R05788,0,0
R05789,0,0
R05790,0,0
R05791,0,0
R05792,0,0
R05794,1,5
R05795,1,5
R05796,0,0
R05797,0,0
R05798,0,5
R05799,1,5
R05800,1,5
R05801,1,5
R05802,1,5
R05803,1,5
R05804,1,5
R05805,0,5
R05806,0,5
R05807,0,3
R05808,0,5
R05809,0,5
R05810,0,5
R05816,0,0
R05817,0,4
R05818,0,4
R05819,0,4
R05820,0,5
R05821,0,4
R05830,0,4
R05834,0,5
R05835,0,0
R05839,0,5
R05841,0,5
R05845,0,7
R05865,0,0
R05870,1,7
R05876,0,5
R05880,1,0
R05881,0,7
R05882,1,5
R06046,0,5
R06047,0,5
R06048,0,5
R06054,0,0
R06134,0,0
R06138,0,0
R06178,0,5
R06254,0,7
R06255,0,7
R06284,0,5
R06307,1,5
R06310,0,5
R06311,0,5
R06313,1,3
R06364,1,5
R06365,0,7
R06370,0,4
R06372,0,4
R06373,0,4
R06414,0,5
R06415,0,0
R06421,0,3
R06423,0,5
R06426,0,5
R06427,0,5
R06447,0,5
R06450,0,5
R06451,0,5
R06452,0,5
R06455,0,7
R06456,0,5
R06457,0,7
R06460,0,5
R06461,0,5
R06476,0,5
R06477,0,5
R06478,0,5
R06479,0,5
R06484,0,5
R06485,0,5
R06486,0,5
R06487,0,5
R06488,0,5
R06489,0,5
R06490,0,5
R06491,0,5
R06492,0,5
R06493,0,5
R06494,0,5
R06495,0,5
R06496,0,5
R06497,0,5
R06498,0,5
R06499,0,5
R06506,0,7
R06517,1,5
R06518,1,0
R06520,1,0
R06521,1,0
R06522,1,0
R06527,1,5
R06528,1,0
R06531,0,5
R06534,0,5
R06535,0,5
R06536,0,5
R06544,0,5
R06545,0,5
R06546,0,5
R06547,0,5
R06558,0,5
R06564,0,5
R06574,1,5
R06575,1,5
R06576,1,5
R06577,1,5
R06578,0,5
R06586,0,5
R06588,0,5
R06590,0,5
R06605,0,7
R06611,0,5
R06620,1,4
R06621,0,4
R06624,0,4
R06626,0,5
R06627,0,7
R06631,0,5
R06632,0,4
R06633,1,4
R06634,0,5
R06659,0,7
R06660,0,5
R06666,0,7
R06667,0,7
R06668,0,5
R06675,0,5
R06679,0,4
R06680,0,5
R06684,0,5
R06685,0,7
R06687,0,5
R06693,0,5
R06696,0,7
R06700,0,4
R06703,0,5
R06713,0,5
R06715,0,5
R06716,0,5
R06717,0,5
R06718,0,7
R06719,0,5
R06728,1,0
R06729,0,0
R06735,0,5
R06736,0,5
R06747,1,4
R06748,0,7
R06752,0,7
R06757,0,5
R06758,0,4
R06770,0,5
R06771,0,5
R06772,0,5
R06773,0,7
R06774,0,7
R06779,0,7
R06789,0,0
R06794,0,5
R06795,0,5
R06796,0,5
R06797,0,5
R06799,0,5
R06800,0,5
R06801,0,5
R06802,0,5
R06803,0,5
R06804,1,5
R06805,0,5
R06806,0,5
R06807,0,5
R06808,0,5
R06809,0,5
R06810,0,5
R06811,0,5
R06812,1,5
R06813,0,5
R06814,0,5
R06815,0,5
R06816,0,5
R06817,0,5
R06818,0,5
R06819,0,5
R06820,0,5
R06821,0,5
R06824,0,5
R06826,0,5
R06827,0,5
R06828,0,5
R06829,0,5
R06836,0,5
R06852,0,4
R06861,0,5
R06862,0,5
R06863,0,5
R06865,1,4
R06867,0,7
R06868,1,5
R06869,1,5
R06870,1,0
R06871,1,0
R06872,1,5
R06875,1,0
R06886,0,4
R06893,0,0
R06904,0,5
R06908,0,5
R06913,0,3
R06923,0,3
R06934,0,3
R06940,0,0
R06943,0,4
R06952,0,4
R06953,0,4
R06966,0,0
R06967,0,0
R06968,1,0
R06969,1,0
R06970,0,0
R06971,0,0
R06972,0,0
R06976,0,5
R06977,1,5
R06978,1,5
R06987,0,5
R06997,0,7
R06998,0,5
R07064,1,0
R07084,1,5
R07092,1,5
R07093,1,5
R07094,1,5
R07100,1,5
R07106,1,5
R07116,1,5
R07124,0,7
R07125,0,3
R07127,0,5
R07151,0,4
R07152,1,4
R07153,0,4
R07154,0,4
R07155,0,4
R07163,1,4
R07174,1,4
R07177,0,4
R07181,0,4
R07183,0,4
R07224,0,4
R07225,0,4
R07232,0,5
R07233,0,5
R07234,0,5
R07236,0,5
R07237,0,5
R07238,0,5
R07239,0,7
R07240,0,5
R07242,0,5
R07243,0,5
R07244,0,5
R07245,1,5
R07247,0,5
R07249,0,5
R07252,0,5
R07255,0,5
R07256,0,5
R07257,0,5
R07258,0,5
R07259,0,5
R07260,0,5
R07261,0,5
R07262,0,0
R07264,0,5
R07265,0,5
R07266,0,5
R07267,1,5
R07268,1,5
R07269,0,5
R07271,0,5
R07272,0,5
R07273,1,5
R07274,0,5
R07275,0,5
R07276,1,5
R07277,0,5
R07278,0,5
R07279,0,5
R07280,0,0
R07282,0,5
R07285,0,5
R07287,0,5
R07288,1,5
R07289,0,5
R07290,0,5
R07291,0,0
R07292,0,0
R07293,0,0
R07294,0,0
R07295,0,5
R07296,1,0
R07297,0,0
R07298,0,0
R07299,1,0
R07300,0,0
R07301,0,0
R07303,0,0
R07306,0,0
R07308,0,0
R07309,0,0
R07310,0,0
R07311,0,0
R07312,0,3
R07330,0,5
R07332,0,5
R07333,0,5
R07334,0,5
R07335,0,5
R07336,1,5
R07337,0,5
R07338,0,5
R07339,0,5
R07340,0,5
R07341,0,5
R07342,0,0
R07343,0,0
R07347,0,4
R07348,0,4
R07361,0,4
R07364,1,4
R07375,0,5
R07376,1,5
R07377,1,7
R07379,1,0
R07380,1,0
R07381,1,0
R07382,0,5
R07383,0,0
R07384,1,5
R07385,1,0
R07386,0,5
R07387,1,0
R07388,1,0
R07389,1,5
R07394,0,0
R07395,1,0
R07396,1,5
R07397,0,5
R07398,0,0
R07402,1,0
R07419,0,0
R07426,0,5
R07432,1,5
R07433,1,5
R07448,0,4
R07459,1,5
R07460,1,5
R07463,0,4
R07475,0,5
R07479,0,5
R07480,0,5
R07481,0,5
R07501,0,5
R07504,0,5
R07511,0,4
R07513,1,0
R07515,0,0
R07520,0,4
R07521,0,5
R07524,0,5
R07527,0,5
R07529,0,5
R07533,0,5
R07535,0,5
R07541,0,4
R07560,0,4
R07574,0,5
R07575,0,5
R07582,0,0
R07583,0,0
R07584,0,0
R07599,1,4
R07600,1,4
R07601,1,4
R07602,1,4
R07603,1,4
R07604,1,4
R07612,0,4
R07626,0,0
R07629,0,0
R07631,1,3
R07632,0,3
R07647,0,3
R07653,0,4
R07659,0,5
R07660,1,5
R07661,0,5
R07662,0,0
R07663,0,4
R07664,0,4
R07668,0,5
R07669,0,0
R07670,0,0
R07671,0,5
R07674,0,0
R07678,0,5
R07682,0,4
R07683,0,4
R07685,0,7
R07686,0,7
R07692,0,7
R07697,0,4
R07698,0,4
R07699,0,4
R07700,0,4
R07713,0,3
R07718,0,5
R07719,0,5
R07720,0,5
R07721,0,5
R07722,0,5
R07724,0,5
R07729,0,5
R07731,0,5
R07734,0,4
R07740,0,5
R07741,0,5
R07750,1,5
R07753,0,5
R07754,0,5
R07757,0,5
R07766,0,5
R07769,0,5
R07770,1,2
R07771,1,2
R07772,0,0
R07773,0,5
R07775,0,5
R07782,0,0
R07794,0,4
R07796,0,5
R07797,0,5
R07798,0,5
R07800,1,4
R07802,0,0
R07832,0,5
R07833,0,5
R07835,0,7
R07855,0,0
R07857,0,4
R07858,0,4
R07859,1,0
R07860,1,0
R07873,0,5
R07874,0,5
R07875,0,5
R07876,0,5
R07877,0,5
R07878,0,5
R07879,0,5
R07880,0,5
R07881,0,5
R07882,0,5
R07883,0,5
R07884,0,5
R07885,0,5
R07886,0,5
R07888,1,4
R07891,1,5
R07892,1,4
R07895,1,5
R07896,1,4
R07899,1,5
R07902,0,0
R07903,0,5
R07910,0,5
R07911,0,5
R07912,0,5
R07913,0,5
R07914,0,5
R07917,0,5
R07918,0,0
R07919,0,5
R07920,0,5
R07921,0,5
R07922,0,7
R07923,0,5
R07926,0,5
R07927,0,5
R07928,0,5
R07929,0,5
R07930,0,5
R07931,0,5
R07932,0,5
R07934,1,4
R07937,1,5
R07938,0,5
R07944,0,5
R07948,0,7
R07950,1,4
R07953,1,5
R07984,1,0
R08003,0,7
R08004,1,5
R08005,0,4
R08006,0,5
R08007,0,5
R08008,1,4
R08009,1,4
R08010,1,4
R08013,0,5
R08020,0,7
R08021,0,5
R08022,0,5
R08036,1,5
R08038,0,7
R08051,1,5
R08052,1,5
R08058,0,3
R08059,0,4
R08060,0,4
R08061,0,7
R08062,0,7
R08063,0,7
R08064,0,7
R08069,0,7
R08070,0,7
R08071,0,7
R08072,0,7
R08073,0,7
R08074,0,7
R08075,0,5
R08076,0,5
R08079,0,7
R08080,0,7
R08089,0,4
R08091,0,5
R08092,0,4
R08095,0,5
R08097,0,5
R08118,0,0
R08120,0,0
R08121,0,0
R08124,0,5
R08125,0,0
R08127,1,0
R08128,1,5
R08144,0,0
R08147,0,5
R08149,0,0
R08150,0,0
R08151,0,5
R08154,0,7
R08157,1,0
R08158,1,0
R08159,1,0
R08162,0,0
R08163,0,0
R08164,0,5
R08165,0,5
R08167,0,5
R08171,0,5
R08172,0,5
R08174,1,0
R08175,0,0
R08176,1,0
R08177,1,0
R08178,1,0
R08179,0,0
R08180,0,0
R08181,1,0
R08182,0,0
R08183,0,0
R08184,0,0
R08185,0,0
R08186,0,0
R08187,0,0
R08188,0,0
R08189,0,0
R08190,0,0
R08191,0,0
R08192,0,0
R08197,0,5
R08200,0,0
R08213,0,7
R08217,0,5
R08219,0,5
R08221,1,0
R08222,1,5
R08223,1,5
R08229,1,5
R08230,1,5
R08231,1,5
R08232,1,5
R08233,1,5
R08236,1,5
R08237,1,5
R08238,1,5
R08239,1,5
R08241,0,5
R08242,0,5
R08243,1,0
R08245,1,5
R08246,1,5
R08248,1,5
R08249,1,0
R08250,1,5
R08251,1,0
R08253,0,7
R08254,0,7
R08255,1,0
R08258,1,0
R08259,1,5
R08260,1,0
R08261,1,5
R08262,1,5
R08263,1,5
R08273,0,0
R08280,1,5
R08295,0,0
R08300,0,0
R08350,0,0
R08351,0,0
R08358,0,7
R08359,1,5
R08361,0,7
R08365,0,1
R08366,0,5
R08367,1,5
R08368,1,5
R08369,0,5
R08374,0,3
R08381,1,5
R08386,0,5
R08387,1,5
R08388,1,0
R08389,1,5
R08396,1,0
R08400,0,5
R08404,0,5
R08405,0,5
R08406,0,5
R08407,0,5
R08410,0,7
R08430,0,5
R08432,0,5
R08436,0,7
R08437,0,5
R08441,0,5
R08442,0,4
R08446,0,5
R08449,0,5
R08451,0,7
R08453,0,5
R08455,0,5
R08465,0,5
R08467,0,5
R08468,1,5
R08469,1,5
R08480,0,5
R08511,0,5
R08512,0,5
R08514,0,5
R08515,0,5
R08520,0,4
R08521,0,4
R08527,1,4
R08528,0,5
R08529,0,0
R08530,0,5
R08531,0,5
R08532,0,5
R08533,0,5
R08534,0,5
R08537,0,5
R08538,0,5
R08539,0,4
R08547,0,5
R08548,0,0
R08555,0,3
R08559,1,5
R08568,0,5
R08572,1,5
R08574,1,5
R08575,0,5
R08577,0,5
R08584,1,3
R08587,0,0
R08600,0,0
R08601,0,0
R08602,0,0
R08608,0,7
R08612,0,0
R08613,0,0
R08614,0,0
R08615,1,5
R08618,0,5
R08622,0,5
R08626,0,5
R08630,0,5
R08637,0,7
R08638,0,5
R08643,0,5
R08647,0,5
R08648,1,5
R08657,0,4
R08658,0,0
R08661,0,5
R08662,0,5
R08668,0,5
R08669,0,5
R08671,0,5
R08676,0,5
R08679,0,5
R08683,0,5
R08687,0,5
R08688,0,5
R08692,1,5
R08697,0,0
R08698,0,7
R08699,0,7
R08707,0,0
R08712,0,5
R08713,0,5
R08714,0,5
R08715,0,0
R08735,1,4
R08740,1,4
R08744,1,5
R08745,1,5
R08747,0,5
R08748,0,5
R08749,0,5
R08750,0,5
R08751,0,5
R08752,0,5
R08753,0,5
R08762,0,4
R08763,0,4
R08769,0,5
R08770,1,4
R08771,1,5
R08776,0,5
R08777,0,5
R08778,0,5
R08779,0,5
R08780,0,5
R08787,0,5
R08788,0,5
R08789,0,5
R08791,1,5
R08794,0,5
R08803,0,5
R08804,0,5
R08813,0,5
R08814,0,5
R08816,0,5
R08817,0,5
R08818,0,7
R08819,0,5
R08820,0,7
R08821,0,7
R08822,0,5
R08823,0,5
R08824,0,5
R08825,0,7
R08827,0,7
R08828,0,4
R08830,0,5
R08831,0,7
R08832,0,4
R08834,0,7
R08835,0,7
R08839,0,5
R08844,0,5
R08845,1,5
R08850,0,0
R08856,1,5
R08857,0,5
R08858,0,5
R08859,0,5
R08863,0,4
R08864,0,4
R08867,0,5
R08871,1,5
R08874,1,7
R08876,1,7
R08889,0,4
R08890,0,5
R08891,0,5
R08894,0,5
R08895,0,0
R08896,0,4
R08897,0,5
R08898,0,5
R08899,0,0
R08900,0,5
R08901,0,0
R08902,0,4
R08903,0,5
R08909,0,5
R08920,0,4
R08931,0,5
R08932,1,5
R08933,0,5
R08936,0,5
R08937,1,5
R08938,1,5
R08941,1,0
R08942,1,0
R08944,0,5
R08946,0,5
R08947,0,5
R08951,0,5
R08952,0,5
R08956,1,5
R08962,0,5
R08964,1,5
R08965,1,4
R08966,1,5
R08967,0,5
R08968,0,5
R08969,1,5
R08973,1,5
R08975,0,0
R08977,1,5
R08978,1,5
R08981,1,0
R08982,0,0
R08983,0,7
R08987,0,5
R08992,0,7
R08993,0,0
R08996,1,5
R09033,1,3
R09034,1,5
R09035,1,5
R09036,1,5
R09037,1,5
R09038,0,0
R09039,0,0
R09040,0,5
R09047,0,5
R09063,0,5
R09064,0,5
R09065,0,5
R09067,0,5
R09068,0,0
R09072,0,7
R09073,0,7
R09084,0,5
R09085,1,5
R09086,1,5
R09087,1,5
R09088,0,7
R09093,0,7
R09098,0,5
R09105,0,0
R09106,0,5
R09107,1,0
R09124,0,5
R09126,0,0
R09140,0,3
R09157,0,0
R09167,0,4
R09169,0,4
R09171,0,4
R09174,0,4
R09177,0,5
R09178,0,4
R09180,0,5
R09189,0,5
R09191,0,5
R09192,0,4
R09200,0,5
R09238,0,0
R09244,0,5
R09245,1,5
R09246,1,5
R09247,0,5
R09248,0,5
R09249,1,5
R09250,1,5
R09251,1,5
R09252,0,4
R09254,0,5
R09255,1,5
R09256,1,5
R09257,1,5
R09270,0,5
R09271,0,5
R09273,0,7
R09277,0,7
R09285,0,7
R09287,0,7
R09293,1,4
R09322,0,4
R09327,0,4
R09331,0,5
R09332,0,5
R09334,0,4
R09335,0,4
R09337,0,0
R09339,0,3
R09345,0,5
R09351,0,5
R09352,0,5
R09365,1,5
R09368,0,7
R09369,0,5
R09370,1,5
R09371,0,5
R09373,0,5
R09374,0,0
R09377,1,7
R09378,0,5
R09380,1,5
R09381,1,5
R09383,1,5
R09384,1,5
R09386,1,5
R09395,0,5
R09397,0,5
R09398,0,5
R09426,1,5
R09427,1,5
R09428,1,5
R09444,1,5
R09450,1,0
R09462,0,4
R09463,0,4
R09471,0,7
R09479,1,4
R09481,0,4
R09487,0,3
R09489,1,4
R09491,0,4
R09494,0,4
R09496,1,4
R09504,1,4
R09506,1,4
R09507,0,4
R09509,0,6
R09526,0,3
R09528,0,5
R09529,0,5
R09530,0,5
R09532,1,0
R09533,0,0
R09534,0,0
R09535,0,0
R09536,0,0
R09537,0,0
R09538,0,0
R09540,0,4
R09543,0,5
R09550,0,4
R09551,0,4
R09552,0,4
R09553,0,4
R09556,0,3
R09559,1,4
R09560,0,4
R09563,0,4
R09568,0,3
R09569,0,5
R09601,0,4
R09603,0,4
R09611,0,5
R09612,0,5
R09613,0,5
R09617,0,3
R09618,0,3
R09622,0,5
R09628,0,3
R09629,0,3
R09630,0,3
R09631,1,5
R09632,0,5
R09633,0,5
R09634,0,5
R09635,0,5
R09636,0,5
R09637,0,5
R09638,0,5
R09639,0,5
R09641,0,5
R09642,0,5
R09643,0,0
R09644,0,0
R09646,0,0
R09647,0,0
R09648,0,0
R09649,0,0
R09650,0,0
R09651,0,0
R09652,1,4
R09653,1,4
R09654,1,4
R09656,0,4
R09658,0,4
R09659,0,4
R09660,0,0
R09661,0,0
R09663,0,5
R09664,0,0
R09665,0,5
R09666,1,5
R09667,0,5
R09668,0,5
R09669,0,5
R09670,0,5
R09672,1,0
R09673,1,0
R09674,0,0
R09675,0,5
R09676,1,5
R09677,0,5
R09678,0,5
R09679,0,5
R09680,0,0
R09682,0,4
R09686,1,3
R09690,0,4
R09691,0,4
R09692,1,4
R09693,0,4
R09703,0,4
R09716,0,4
R09719,0,4
R09721,0,0
R09723,1,0
R09724,0,0
R09725,0,0
R09726,1,5
R09729,0,5
R09730,0,5
R09731,0,5
R09732,0,5
R09733,1,5
R09734,0,5
R09736,0,5
R09737,1,5
R09739,0,6
R09740,0,4
R09741,0,4
R09742,0,4
R09744,0,4
R09745,0,4
R09746,0,4
R09752,0,5
R09753,0,5
R09754,0,5
R09755,1,5
R09757,0,5
R09758,0,5
R09759,0,5
R09760,0,5
R09763,0,5
R09765,0,5
R09767,0,5
R09770,0,5
R09771,0,0
R09772,1,5
R09773,1,5
R09774,1,5
R09776,0,5
R09778,0,5
R09779,1,0
R09781,1,5
R09782,1,4
R09788,0,3
R09789,0,3
R09791,0,5
R09792,0,5
R09795,0,3
R09801,0,0
R09802,0,5
R09803,0,5
R09804,0,5
R09807,0,4
R09808,0,4
R09809,0,4
R09821,0,5
R09822,0,5
R09823,0,5
R09824,0,5
R09825,1,5
R09826,0,0
R09827,1,0
R09831,0,0
R09832,0,0
R09833,0,0
R09834,0,0
R09839,0,5
R09840,0,0
R09842,0,5
R09843,0,5
R09844,1,5
R09845,1,0
R09846,0,0
R09849,0,5
R09850,0,5
R09853,0,5
R09854,0,7
R09856,0,5
R09857,0,5
R09858,0,5
R09870,0,5
R09871,0,5
R09872,0,5
R09873,0,5
R09874,0,0
R09875,0,0
R09876,0,0
R09877,0,0
R09880,0,0
R09881,0,0
R09882,0,0
R09883,0,0
R09884,0,4
R09891,0,3
R09896,0,3
R09898,0,3
R09939,0,5
R09940,0,5
R09941,0,5
R09942,0,5
R09943,1,5
R09944,0,5
R09945,1,5
R09946,0,5
R09947,0,0
R09949,0,0
R09964,0,3
R09968,0,3
R09973,0,3
R09980,0,0
R09983,0,0
R09993,1,0
R09994,0,5
R09997,0,5
R09998,0,5
R09999,0,5
R10000,0,5
R10001,0,5
R10014,0,5
R10015,0,5
R10016,0,5
R10017,0,5
R10035,0,0
R10037,0,5
R10039,0,0
R10040,0,0
R10046,0,0
R10049,0,5
R10050,0,5
R10053,1,4
R10060,0,5
R10061,0,5
R10062,0,5
R10063,0,5
R10065,1,5
R10074,1,4
R10092,1,3
R10093,1,5
R10094,0,5
R10095,0,5
R10096,0,5
R10098,0,5
R10099,0,5
R10100,0,5
R10109,0,4
R10112,0,4
R10133,0,0
R10134,0,0
R10136,0,5
R10137,1,5
R10141,0,5
R10142,0,5
R10147,0,3
R10152,1,4
R10160,0,4
R10166,0,5
R10167,0,5
R10168,0,5
R10169,0,5
R10174,0,5
R10175,0,5
R10176,0,5
R10178,1,5
R10179,0,5
R10180,1,5
R10182,0,5
R10183,0,5
R10184,0,5
R10185,0,5
R10186,0,0
R10187,0,0
R10188,0,5
R10191,0,4
R10192,0,4
R10195,0,5
R10196,0,5
R10197,0,5
R10198,0,5
R10199,0,5
R10200,0,5
R10201,0,5
R10207,0,4
R10209,0,5
R10210,0,7
R10223,1,0
R10224,0,4
R10231,1,0
R10232,0,0
R10235,1,0
R10236,0,5
R10237,0,5
R10240,0,5
R10241,1,3
R10244,1,5
R10245,0,4
R10250,0,5
R10251,0,5
R10252,0,5
R10253,0,5
R10254,0,5
R10255,0,5
R10256,0,5
R10257,0,5
R10259,0,5
R10261,0,5
R10262,0,5
R10263,0,5
R10264,0,5
R10265,0,5
R10274,0,3
R10290,0,5
R10291,0,5
R10292,0,5
R10293,0,5
R10294,0,5
R10295,0,5
R10296,0,5
R10297,0,5
R10298,0,5
R10299,0,5
R10303,0,5
R10305,0,5
R10306,1,5
R10307,0,5
R10327,0,4
R10328,0,4
R10329,0,4
R10330,0,4
R10331,0,4
R10333,0,5
R10338,0,5
R10339,0,5
R10340,0,5
R10341,0,5
R10343,1,5
R10347,0,0
R10360,0,7
R10365,0,5
R10369,0,7
R10370,0,5
R10380,0,5
R10383,0,7
R10384,0,7
R10385,0,5
R10390,0,4
R10398,0,0
R10401,0,0
R10403,0,5
R10407,0,5
R10411,0,4
R10424,0,5
R10425,0,5
R10426,0,5
R10427,0,5
R10430,0,5
R10431,0,5
R10432,0,5
R10433,0,5
R10434,0,5
R10435,0,5
R10436,0,5
R10439,0,5
R10440,0,5
R10441,0,5
R10442,0,0
R10443,0,0
R10447,0,5
R10448,0,5
R10449,0,5
R10450,0,5
R10451,0,5
R10452,0,5
R10454,0,5
R10455,1,5
R10456,0,5
R10457,0,5
R10460,1,5
R10461,0,5
R10462,0,5
R10464,0,5
R10465,0,5
R10466,0,0
R10472,0,5
R10473,0,5
R10474,0,5
R10484,0,5
R10486,0,0
R10491,0,5
R10492,0,5
R10493,0,3
R10497,0,5
R10498,0,5
R10499,0,5
R10503,0,5
R10507,1,4
R10514,1,5
R10523,0,5
R10524,0,5
R10525,0,5
R10530,0,0
R10533,1,3
R10534,1,0
R10535,1,0
R10538,1,0
R10543,0,2
R10544,0,2
R10545,0,0
R10546,0,0
R10547,0,0
R10548,1,5
R10553,1,0
R10557,0,4
R10558,0,4
R10559,0,4
R10560,0,4
R10564,1,5
R10572,0,4
R10574,0,4
R10575,0,4
R10579,0,0
R10580,0,0
R10582,0,0
R10583,0,0
R10586,1,5
R10588,0,5
R10590,0,5
R10594,0,5
R10595,0,5
R10596,1,5
R10600,0,5
R10601,0,4
R10602,0,4
R10605,0,5
R10606,0,5
R10607,0,5
R10609,0,5
R10610,0,5
R10611,0,5
R10612,0,0
R10613,0,5
R10614,0,5
R10617,0,0
R10620,1,5
R10621,0,0
R10622,0,0
R10625,0,4
R10638,0,5
R10639,0,7
R10640,1,5
R10641,1,5
R10643,0,5
R10644,0,5
R10647,0,5
R10648,0,5
R10651,0,5
R10654,0,5
R10655,0,5
R10657,0,5
R10658,0,5
R10659,0,5
R10668,0,0
R10680,0,5
R10681,0,5
R10687,1,0
R10688,1,0
R10691,1,0
R10695,1,0
R10698,0,5
R10699,0,5
R10700,1,5
R10701,1,0
R10705,0,0
R10706,0,5
R10709,0,5
R10710,0,5
R10711,0,7
R10716,1,5
R10721,0,4
R10722,0,4
R10736,0,7
R10745,0,5
R10746,0,5
R10747,1,0
R10748,0,0
R10751,0,5
R10752,0,0
R10762,0,3
R10763,0,3
R10775,0,3
R10776,0,0
R10778,0,0
R10779,0,5
R10780,0,5
R10784,1,0
R10797,0,4
R10802,0,4
R10804,1,5
R10805,1,5
R10806,1,5
R10807,0,5
R10811,1,5
R10812,1,5
R10814,1,0
R10815,1,0
R10816,0,0
R10824,0,5
R10829,1,5
R10832,0,5
R10833,0,5
R10834,1,5
R10835,0,5
R10836,1,5
R10837,1,5
R10838,1,5
R10839,0,5
R10840,0,5
R10843,0,4
R10844,0,4
R10845,0,5
R10849,0,5
R10850,1,5
R10853,0,4
R10855,0,4
R10857,0,4
R10865,0,5
R10867,0,0
R10868,1,5
R10869,1,5
R10873,0,5
R10874,0,5
R10876,1,5
R10881,1,5
R10891,0,0
R10893,1,5
R10897,0,3
R10899,0,3
R10904,1,5
R10906,0,5
R10908,0,5
R10928,1,0
R10930,0,5
R10932,0,5
R10933,1,0
R10947,0,3
R10948,1,2
R10949,1,2
R10950,1,0
R10951,1,5
R10952,1,0
R10953,1,5
R10955,0,5
R10956,0,5
R10957,0,5
R10958,0,5
R10959,0,5
R10961,1,4
R10962,0,5
R10963,0,5
R10964,0,5
R10966,0,5
R10968,0,5
R10969,0,5
R10970,0,5
R10971,0,5
R10973,0,0
R10974,0,0
R10983,0,0
R10987,0,5
R10988,0,5
R10989,0,5
R10990,0,5
R10991,0,5
R10992,1,5
R10996,1,4
R10997,1,4
R10998,1,5
R11016,0,4
R11017,0,4
R11020,0,5
R11021,0,0
R11024,0,5
R11025,0,5
R11038,0,5
R11039,0,5
R11040,0,5
R11041,0,5
R11045,0,5
R11048,0,4
R11050,0,4
R11052,0,4
R11062,0,5
R11068,0,7
R11086,0,5
R11087,0,5
R11090,0,5
R11094,0,0
R11095,0,0
R11098,1,0
R11099,1,0
R11103,0,5
R11104,1,0
R11113,0,7
R11115,0,7
R11116,0,7
R11118,0,7
R11119,0,4
R11122,1,5
R11126,0,5
R11127,0,5
R11128,0,5
R11130,0,4
R11140,0,5
R11141,0,5
R11154,0,5
R11159,0,5
R11160,0,5
R11165,1,5
R11166,1,0
R11169,0,5
R11170,1,5
R11171,1,5
R11172,1,5
R11173,0,0
R11174,0,5
R11175,1,4
R11178,0,7
R11180,1,0
R11182,0,5
R11183,0,5
R11184,0,5
R11185,0,5
R11186,0,5
R11187,0,0
R11188,0,0
R11189,0,0
R11190,0,0
R11191,0,5
R11192,0,5
R11193,0,5
R11199,0,5
R11200,0,5
R11201,1,5
R11202,1,0
R11203,0,5
R11204,0,5
R11205,0,5
R11206,0,5
R11208,0,0
R11209,0,0
R11216,1,5
R11217,1,5
R11218,1,5
R11219,1,5
R11220,1,5
R11221,1,5
R11223,0,5
R11224,0,5
R11225,1,5
R11229,0,5
R11230,0,5
R11234,0,5
R11237,0,5
R11239,0,5
R11240,0,0
R11241,0,5
R11246,0,5
R11250,0,5
R11251,0,0
R11256,0,0
R11257,0,0
R11258,0,0
R11259,0,0
R11267,0,4
R11268,0,4
R11269,0,5
R11270,0,5
R11271,0,5
R11272,0,5
R11273,0,4
R11278,0,5
R11280,1,5
R11281,1,0
R11282,0,5
R11283,1,0
R11284,0,4
R11285,0,5
R11289,0,5
R11291,0,5
R11292,0,5
R11295,0,7
R11296,0,7
R11297,0,5
R11298,0,5
R11299,0,5
R11306,0,5
R11307,0,0
R11313,0,0
R11319,1,5
R11323,0,0
R11329,1,3
R11344,0,4
R11371,0,5
R11372,1,3
R11380,0,4
R11381,0,4
R11394,0,4
R11395,0,5
R11396,0,5
R11398,0,5
R11399,1,5
R11400,0,5
R11402,0,5
R11406,0,5
R11410,0,3
R11413,0,5
R11416,0,5
R11417,0,5
R11418,0,5
R11419,0,7
R11420,0,5
R11421,0,5
R11422,0,5
R11423,0,5
R11428,0,4
R11440,0,0
R11441,0,5
R11443,1,5
R11444,1,5
R11452,1,5
R11453,1,5
R11460,0,5
R11461,0,5
R11462,1,5
R11463,0,0
R11469,0,5
R11475,0,5
R11476,0,5
R11479,0,5
R11486,0,4
R11489,0,4
R11490,0,4
R11491,0,4
R11492,0,4
R11496,0,4
R11497,0,5
R11502,0,4
R11507,0,5
R11508,0,5
R11509,0,5
R11514,0,5
R11517,0,5
R11520,0,5
R11521,0,5
R11524,1,0
R11527,1,0
R11528,1,5
R11529,1,5
R11530,0,5
R11532,0,0
R11534,0,5
R11535,0,5
R11536,0,5
R11537,0,2
R11538,0,2
R11539,0,5
R11541,0,0
R11542,0,0
R11543,0,0
R11544,0,0
R11545,1,5
R11546,0,5
R11547,1,5
R11548,1,5
R11551,0,0
R11552,0,7
R11553,1,5
R11554,0,5
R11555,0,5
R11556,0,5
R11557,0,5
R11558,1,5
R11559,1,0
R11560,0,0
R11561,0,0
R11562,0,0
R11563,0,0
R11564,0,0
R11573,0,7
R11575,0,7
R11577,0,7
R11581,0,5
R11582,0,5
R11586,0,5
R11591,1,4
R11593,0,4
R11595,1,5
R11599,0,5
R11600,0,4
R11601,0,5
R11602,0,5
R11603,0,5
R11607,1,5
R11608,0,2
R11609,0,5
R11610,0,5
R11611,0,5
R11612,0,5
R11613,0,5
R11614,0,5
R11617,0,0
R11618,0,4
R11619,0,0
R11620,1,4
R11621,0,5
R11622,0,0
R11626,0,3
R11652,0,4
R11654,0,4
R11659,0,4
R11661,1,7
R11665,0,5
R11670,1,5
R11672,0,5
R11680,1,0
R11681,1,5
R11682,1,0
R11684,0,7
R11685,1,5
R11686,1,5
R11689,1,5
R11692,1,5
R11693,0,0
R11694,0,0
R11697,1,5
R11698,1,5
R11699,1,5
R11701,0,5
R11702,0,5
R11703,0,5
R11704,0,5
R11705,0,5
R11706,0,5
R11707,0,5
R11714,0,5
R11715,0,5
R11731,0,5
R11736,0,4
R11739,0,4
R11740,0,7
R11748,1,4
R11773,0,5
R11777,0,4
R11778,0,5
R11779,0,5
R11780,0,5
R11781,0,5
R11782,0,5
R11783,0,5
R11784,0,5
R11785,1,0
R11787,0,0
R11791,0,0
R11792,1,0
R11793,1,0
R11794,1,0
R11795,1,0
R11796,0,5
R11797,0,5
R11798,0,5
R11799,0,5
R11800,0,5
R11801,0,5
R11802,0,4
R11803,0,5
R11822,0,3
R11828,0,3
R11831,0,3
R11832,0,3
R11834,0,3
R11835,0,3
R11836,0,3
R11837,0,3
R11838,0,3
R11839,0,3
R11840,0,3
R11841,0,3
R11847,0,3
R11848,1,3
R11849,0,3
R11852,0,3
R11873,0,2
R11874,0,4
R11879,0,5
R11887,0,5
R11888,0,5
R11889,0,0
R11891,1,5
R11892,1,5
R11894,1,5
R11895,1,5
R11896,1,0
R11902,1,5
R11903,0,0
R11915,1,3
R11923,0,2
R11925,0,2
R11933,0,5
R11934,0,5
R11935,0,5
R11936,0,5
R11937,0,5
R11938,0,5
R11939,0,5
R11940,0,5
R11942,0,0
R11947,0,4
R11953,0,5
R11954,0,5
R11955,0,5
R11956,0,5
R11957,1,5
R11958,0,5
R11959,0,5
R11961,0,5
R11965,0,0
R11972,0,5
R11992,0,4
R11996,0,4
R12011,1,5
R12012,0,5
R12014,0,5
R12017,0,5
R12024,1,0
R12036,0,5
R12037,0,5
R12045,0,5
R12046,1,5
R12047,0,5
R12050,0,5
R12055,1,5
R12056,1,2
R12057,1,2
R12059,0,3
R12060,0,3
R12063,0,3
R12064,0,3
R12085,1,5
R12086,0,5
R12088,0,5
R12089,0,5
R12091,0,7
R12092,0,5
R12094,0,7
R12095,0,0
R12096,0,0
R12097,0,0
R12098,0,0
R12099,0,5
R12100,0,5
R12101,0,4
R12114,0,0
R12115,0,4
R12116,0,4
R12124,1,0
R12125,0,0
R12138,0,7
R12157,0,5
R12158,0,5
R12159,0,5
R12160,0,5
R12185,0,5
R12187,0,5
R12193,0,5
R12194,0,5
R12196,0,0
R12197,0,5
R12198,0,0
R12199,0,0
R12200,0,5
R12201,0,0
R12202,0,5
R12203,0,0
R12204,0,0
R12206,0,5
R12207,1,5
R12208,0,0
R12209,0,0
R12211,0,5
R12213,0,5
R12214,1,5
R12217,0,4
R12219,0,0
R12240,0,5
R12241,0,5
R12242,0,5
R12243,0,5
R12245,0,5
R12246,0,5
R12247,0,5
R12250,0,0
R12251,0,0
R12259,0,3
R12262,1,5
R12263,0,5
R12264,1,5
R12287,0,5
R12288,0,5
R12289,0,5
R12290,0,5
R12302,0,4
R12329,1,0
R12330,0,2
R12331,0,2
R12333,0,0
R12336,0,5
R12338,0,5
R12339,0,5
R12340,0,5
R12341,0,5
R12342,0,5
R12343,0,5
R12344,0,5
R12347,0,0
R12349,0,5
R12356,1,4
R12364,0,3
R12382,0,5
R12383,0,5
R12384,0,5
R12385,0,5
R12386,0,5
R12387,0,5
R12388,0,5
R12389,0,5
R12390,0,0
R12391,0,0
R12392,0,0
R12393,0,2
R12394,0,2
R12396,0,2
R12397,0,2
R12412,0,7
R12414,0,5
R12420,0,4
R12425,0,5
R12426,0,5
R12427,1,5
R12428,1,5
R12430,0,5
R12431,1,5
R12432,1,7
R12434,0,7
R12437,0,5
R12439,0,5
R12443,0,5
R12447,0,5
R12450,1,7
R12451,0,4
R12456,0,3
R12458,0,5
R12465,0,5
R12466,0,5
R12469,0,5
R12470,0,5
R12471,0,5
R12472,0,5
R12478,0,0
R12481,0,4
R12492,0,5
R12493,0,5
R12496,0,5
R12498,0,7
R12499,0,7
R12506,0,5
R12507,0,5
R12513,0,0
R12514,0,0
R12515,0,0
R12516,0,0
R12524,0,5
R12525,0,5
R12526,0,5
R12527,0,5
R12528,0,5
R12529,0,5
R12530,0,5
R12531,0,0
R12532,0,0
R12533,0,0
R12534,0,4
R12535,0,4
R12536,0,4
R12537,0,0
R12549,0,5
R12557,0,7
R12559,0,0
R12561,0,5
R12562,0,5
R12564,0,0
R12566,0,3
R12568,0,5
R12572,0,2
R12574,0,2
R12576,0,2
R12577,0,2
R12581,0,5
R12582,0,5
R12583,0,5
R12587,0,0
R12588,0,0
R12589,0,0
R12594,1,5
R12595,0,0
R12597,0,7
R12600,0,7
R12601,0,7
R12605,0,4
R12606,0,5
R12607,0,5
R12608,0,5
R12611,0,4
R12614,0,4
R12616,0,5
R12621,0,0
R12622,0,5
R12624,0,0
R12626,1,5
R12632,0,5
R12633,0,5
R12634,0,0
R12635,0,0
R12636,0,5
R12638,0,5
R12639,0,5
R12640,0,2
R12641,0,2
R12646,0,5
R12647,0,5
R12648,0,5
R12649,0,5
R12657,1,5
R12658,0,4
R12661,0,0
R12666,0,5
R12667,0,5
R12668,0,5
R12669,0,5
R12671,0,0
R12672,0,0
R12680,0,4
R12685,0,4
R12686,0,4
R12689,0,5
R12694,0,5
R12695,0,5
R12698,0,7
R12699,0,5
R12700,0,7
R12701,0,5
R12703,0,5
